{
  "Model": {
    "3": [
      1.6370437299932334,
      -7.488693642754386
    ],
    "4": [
      1.4189424786957194,
      -3.088492260952787
    ],
    "5": [
      1.4913593451507263,
      -4.616607878852993
    ],
    "6": [
      1.3567464604978188,
      -2.0440060716856614
    ],
    "7": [
      1.290141198408606,
      -0.5026961518250257
    ],
    "8": [
      1.2246221723244382,
      0.4999584396518326
    ],
    "9": [
      1.2260444041067717,
      0.7039187545395524
    ],
    "10": [
      1.1936032719840355,
      0.9702311831561676
    ],
    "11": [
      1.1640481033049601,
      1.0802643026322194
    ],
    "12": [
      1.1272572706019375,
      1.2485475948093168
    ],
    "13": [
      1.0831644242843315,
      1.408271604946945
    ],
    "14": [
      1.044851227285212,
      1.3486781473644918
    ],
    "15": [
      1.0101007915070563,
      1.0631250496334612
    ],
    "16": [
      0.9665175599846749,
      0.8443489751887894
    ],
    "17": [
      0.9141578551096412,
      0.6908514436689464
    ],
    "18": [
      0.8613711360851154,
      0.4535657261380681
    ],
    "19": [
      0.804500507775364,
      0.14742776025120286
    ],
    "20": [
      0.737831992910855,
      -0.018556640470742458
    ],
    "21": [
      0.667094153438917,
      -0.2824908071657788
    ],
    "22": [
      0.5904616989437431,
      -0.48396040254426786
    ],
    "23": [
      0.48266016173750437,
      -0.572146282842386
    ],
    "24": [
      0.37981902947910445,
      -1.2761397114601025
    ],
    "25": [
      0.3788813549456633,
      -3.4666872798505595
    ]
  },
  "Window": 25,
  "MinReadm6A": 10,
  "MaxReadm6A": 46,
  "qval_acc": 0.837,
  "qval_nuc": 0.902,
  "fp_rate": 0.01
}