{
  "Model": {
    "3": [
      1.3680869720597246,
      -1.431372185090451
    ],
    "4": [
      1.360050052586848,
      -1.043270636627276
    ],
    "5": [
      1.3351818773140172,
      -1.5896639467504468
    ],
    "6": [
      1.3354762250522043,
      -1.9540956799782618
    ],
    "7": [
      1.2850393097952695,
      -0.31734683770883976
    ],
    "8": [
      1.229626405719943,
      0.042243907011095594
    ],
    "9": [
      1.238565894267978,
      0.28940822983479286
    ],
    "10": [
      1.211127293417181,
      0.4493016953452429
    ],
    "11": [
      1.182466981790335,
      0.5523028247111492
    ],
    "12": [
      1.1451391758900629,
      0.7356442731541315
    ],
    "13": [
      1.1022400359559243,
      0.8248887974816057
    ],
    "14": [
      1.0613495369476498,
      0.838475776730399
    ],
    "15": [
      1.0197730746867122,
      0.7295687271729809
    ],
    "16": [
      0.9699138765854763,
      0.6575230365843185
    ],
    "17": [
      0.9147993456380255,
      0.5653306533903715
    ],
    "18": [
      0.8584659033616091,
      0.41071408429496303
    ],
    "19": [
      0.7941198753814293,
      0.25595892274401066
    ],
    "20": [
      0.727461240778831,
      0.11849981993069214
    ],
    "21": [
      0.6525949658881789,
      -0.08236885434746322
    ],
    "22": [
      0.5699379036202292,
      -0.2349592551570645
    ],
    "23": [
      0.45287764335690905,
      -0.2213211942154132
    ],
    "24": [
      0.27562239197835503,
      0.07992220834652419
    ],
    "25": [
      0.2046101156565187,
      -0.37851732227053947
    ]
  },
  "Window": 25,
  "MinReadm6A": 7,
  "MaxReadm6A": 41,
  "qval_acc": 0.853,
  "qval_nuc": 0.918,
  "fp_rate": 0.01
}